Workbook

Sheet Заказы
A1: OTIF по всем каналам: заказ засчитывается, только если он доставлен полностью, в срок и без возврата по вине склада
A2: Жёлтые столбцы — из выгрузок (учётная система, статусы доставки, возвраты, корректировки склада). Серые считаются сами. Пример заполнен условными данными.
A4: № заказа | B4: Канал | C4: Дата обещания | D4: Дата доставки | E4: Заказано, шт | F4: Отгружено, шт | G4: Возврат по вине склада (да/нет) | H4: Причина срыва (если есть) | I4: В срок | J4: Полностью | K4: Без возврата | L4: OTIF
A5: 1001 | B5: онлайн | C5: 46266 | D5: 46266 | E5: 5 | F5: 5 | G5: нет | I5: =IF(A5="","",IF(D5<=C5,1,0)) | J5: =IF(A5="","",IF(F5>=E5,1,0)) | K5: =IF(A5="","",IF(G5="да",0,1)) | L5: =IF(A5="","",I5*J5*K5)
A6: 1002 | B6: офлайн | C6: 46266 | D6: 46267 | E6: 3 | F6: 2 | G6: нет | H6: офлайн: товар забронирован онлайн | I6: =IF(A6="","",IF(D6<=C6,1,0)) | J6: =IF(A6="","",IF(F6>=E6,1,0)) | K6: =IF(A6="","",IF(G6="да",0,1)) | L6: =IF(A6="","",I6*J6*K6)
A7: 1003 | B7: онлайн | C7: 46267 | D7: 46269 | E7: 8 | F7: 8 | G7: нет | H7: транспорт: задержка партнёра | I7: =IF(A7="","",IF(D7<=C7,1,0)) | J7: =IF(A7="","",IF(F7>=E7,1,0)) | K7: =IF(A7="","",IF(G7="да",0,1)) | L7: =IF(A7="","",I7*J7*K7)
A8: 1004 | B8: онлайн | C8: 46267 | D8: 46267 | E8: 2 | F8: 2 | G8: да | H8: сборка: пересорт | I8: =IF(A8="","",IF(D8<=C8,1,0)) | J8: =IF(A8="","",IF(F8>=E8,1,0)) | K8: =IF(A8="","",IF(G8="да",0,1)) | L8: =IF(A8="","",I8*J8*K8)
A9: 1005 | B9: офлайн | C9: 46268 | D9: 46268 | E9: 4 | F9: 4 | G9: нет | I9: =IF(A9="","",IF(D9<=C9,1,0)) | J9: =IF(A9="","",IF(F9>=E9,1,0)) | K9: =IF(A9="","",IF(G9="да",0,1)) | L9: =IF(A9="","",I9*J9*K9)
A10: 1006 | B10: онлайн | C10: 46268 | D10: 46268 | E10: 6 | F10: 6 | G10: нет | I10: =IF(A10="","",IF(D10<=C10,1,0)) | J10: =IF(A10="","",IF(F10>=E10,1,0)) | K10: =IF(A10="","",IF(G10="да",0,1)) | L10: =IF(A10="","",I10*J10*K10)
I11: =IF(A11="","",IF(D11<=C11,1,0)) | J11: =IF(A11="","",IF(F11>=E11,1,0)) | K11: =IF(A11="","",IF(G11="да",0,1)) | L11: =IF(A11="","",I11*J11*K11)
I12: =IF(A12="","",IF(D12<=C12,1,0)) | J12: =IF(A12="","",IF(F12>=E12,1,0)) | K12: =IF(A12="","",IF(G12="да",0,1)) | L12: =IF(A12="","",I12*J12*K12)
I13: =IF(A13="","",IF(D13<=C13,1,0)) | J13: =IF(A13="","",IF(F13>=E13,1,0)) | K13: =IF(A13="","",IF(G13="да",0,1)) | L13: =IF(A13="","",I13*J13*K13)
I14: =IF(A14="","",IF(D14<=C14,1,0)) | J14: =IF(A14="","",IF(F14>=E14,1,0)) | K14: =IF(A14="","",IF(G14="да",0,1)) | L14: =IF(A14="","",I14*J14*K14)
I15: =IF(A15="","",IF(D15<=C15,1,0)) | J15: =IF(A15="","",IF(F15>=E15,1,0)) | K15: =IF(A15="","",IF(G15="да",0,1)) | L15: =IF(A15="","",I15*J15*K15)
I16: =IF(A16="","",IF(D16<=C16,1,0)) | J16: =IF(A16="","",IF(F16>=E16,1,0)) | K16: =IF(A16="","",IF(G16="да",0,1)) | L16: =IF(A16="","",I16*J16*K16)
I17: =IF(A17="","",IF(D17<=C17,1,0)) | J17: =IF(A17="","",IF(F17>=E17,1,0)) | K17: =IF(A17="","",IF(G17="да",0,1)) | L17: =IF(A17="","",I17*J17*K17)
I18: =IF(A18="","",IF(D18<=C18,1,0)) | J18: =IF(A18="","",IF(F18>=E18,1,0)) | K18: =IF(A18="","",IF(G18="да",0,1)) | L18: =IF(A18="","",I18*J18*K18)
I19: =IF(A19="","",IF(D19<=C19,1,0)) | J19: =IF(A19="","",IF(F19>=E19,1,0)) | K19: =IF(A19="","",IF(G19="да",0,1)) | L19: =IF(A19="","",I19*J19*K19)
I20: =IF(A20="","",IF(D20<=C20,1,0)) | J20: =IF(A20="","",IF(F20>=E20,1,0)) | K20: =IF(A20="","",IF(G20="да",0,1)) | L20: =IF(A20="","",I20*J20*K20)
I21: =IF(A21="","",IF(D21<=C21,1,0)) | J21: =IF(A21="","",IF(F21>=E21,1,0)) | K21: =IF(A21="","",IF(G21="да",0,1)) | L21: =IF(A21="","",I21*J21*K21)
I22: =IF(A22="","",IF(D22<=C22,1,0)) | J22: =IF(A22="","",IF(F22>=E22,1,0)) | K22: =IF(A22="","",IF(G22="да",0,1)) | L22: =IF(A22="","",I22*J22*K22)
... I204: =IF(A204="","",IF(D204<=C204,1,0)) | J204: =IF(A204="","",IF(F204>=E204,1,0)) | K204: =IF(A204="","",IF(G204="да",0,1)) | L204: =IF(A204="","",I204*J204*K204)

Sheet Итог
A1: Итог
A3: Заказов всего | B3: =COUNT(Заказы!L5:L204)
A4: OTIF, % | B4: =IFERROR(SUM(Заказы!L5:L204)/COUNT(Заказы!L5:L204),"")
A5: OTIF онлайн, % | B5: =IFERROR(SUMIFS(Заказы!L5:L204,Заказы!B5:B204,"онлайн")/COUNTIFS(Заказы!B5:B204,"онлайн",Заказы!L5:L204,">=0"),"")
A6: OTIF офлайн, % | B6: =IFERROR(SUMIFS(Заказы!L5:L204,Заказы!B5:B204,"офлайн")/COUNTIFS(Заказы!B5:B204,"офлайн",Заказы!L5:L204,">=0"),"")
A8: Потери по источникам (сорванных заказов)
A9: транспорт | B9: =COUNTIFS(Заказы!H5:H204,"транспорт*")
A10: офлайн | B10: =COUNTIFS(Заказы!H5:H204,"офлайн*")
A11: сборка | B11: =COUNTIFS(Заказы!H5:H204,"сборка*")
A12: возврат | B12: =COUNTIFS(Заказы!H5:H204,"возврат*")
A15: Причину срыва начинайте словом-источником: «транспорт: …», «офлайн: …», «сборка: …», «возврат: …» — тогда итог посчитается сам.
